player_id,cluster,mean_status_WIN,mean_status_LOSE,mean_status_timeout,mean_completing_ratio,mean_kills,mean_kills_by_fire,mean_kills_by_stomp,mean_kills_by_shell,mean_lives,mean_coins,mean_all_enemies,mean_all_coins,mean_trajectory_length,total_runs,runner_ratio,killer_ratio,collector_ratio
067d54d0-b2cc-4d65-9348-f1dae3fc9398,1,0.0,1.0,0.0,0.5944840013980865,2.0,0.0,1.3333333333333333,0.0,0.0,3.6666666666666665,5.333333333333333,11.333333333333334,1272.6666666666667,3,0.0,0.0,0.0
0af703b3-a499-45df-93df-53052633ff12,1,0.5,0.5,0.0,0.8306011855602264,7.5,0.0,4.0,1.0,0.0,6.5,11.0,7.5,2367.5,2,0.0,0.0,0.0
0c742b9d-e162-44c4-b3c9-13447fd0d608,1,1.0,0.0,0.0,1.0,3.857142857142857,0.0,2.5714285714285716,0.0,2.5714285714285716,4.428571428571429,15.714285714285714,16.0,1164.4285714285713,7,0.3333333333333333,0.3333333333333333,0.3333333333333333
0f50778b-e4b6-4e32-b4f7-1e8d42bc103d,1,0.6,0.4,0.0,0.9326817154884338,11.6,0.0,8.4,2.0,0.6,7.6,18.4,13.4,1992.2,5,0.3333333333333333,0.3333333333333333,0.3333333333333333
1ad4daba-e8aa-483d-b19c-35350298d740,1,0.8571428571428571,0.14285714285714285,0.0,0.9878095984458923,9.714285714285714,0.0,5.714285714285714,1.4285714285714286,1.2857142857142858,5.857142857142857,16.714285714285715,16.0,1836.2857142857142,7,0.3333333333333333,0.3333333333333333,0.3333333333333333
1f832b78-6dd1-4b19-b30b-51960d91b031,1,0.7142857142857143,0.2857142857142857,0.0,0.9146131021635873,8.0,0.0,4.142857142857143,1.5714285714285714,2.4285714285714284,10.285714285714286,16.714285714285715,20.142857142857142,1520.5714285714287,7,0.3333333333333333,0.3333333333333333,0.3333333333333333
2482c1ca-0da2-4288-a8a6-c5e41050e310,1,0.8571428571428571,0.14285714285714285,0.0,0.9923890829086304,7.857142857142857,0.0,4.714285714285714,1.8571428571428572,1.5714285714285714,4.714285714285714,19.142857142857142,19.142857142857142,1208.857142857143,7,0.3333333333333333,0.3333333333333333,0.3333333333333333
28421ba1-9bc5-43b1-a287-2a5bd3554433,1,0.8333333333333334,0.16666666666666666,0.0,0.9463383257389069,10.166666666666666,0.0,4.333333333333333,0.6666666666666666,0.5,4.833333333333333,17.5,14.166666666666666,2447.8333333333335,6,0.0,0.5,0.5
2900ca9a-fb65-48a1-99e8-fa26abc80c0b,1,0.0,1.0,0.0,0.328279584646225,20.0,0.0,15.0,2.0,0.0,4.0,9.0,5.0,1370.0,1,0.0,0.0,0.0
2f8867e8-63a9-49b2-b90f-3796db45201d,1,0.5,0.5,0.0,0.9703277349472046,8.0,0.0,4.0,2.0,1.0,8.0,9.0,14.0,2672.5,2,0.0,0.0,0.0
33253213-2bfe-40e3-8131-2e175da84c1c,1,1.0,0.0,0.0,1.0,6.5,0.0,5.5,0.5,0.0,10.5,9.5,15.5,2616.0,2,0.0,0.0,0.0
39ff859b-7673-4af8-b0fc-7d04b78d0636,1,0.5,0.5,0.0,0.9467032551765442,5.5,0.0,3.0,1.0,1.0,9.5,8.5,13.5,2147.0,2,0.0,0.0,0.0
3b8d2496-d662-46f2-9849-c09fd9fa1646,1,0.5,0.5,0.0,0.712559349834919,5.5,0.0,1.5,0.0,0.5,5.75,8.25,13.5,1290.5,4,1.0,0.0,0.0
44879868-740b-45b1-9c0c-a7389bf02cba,1,0.0,1.0,0.0,0.7883291840553284,20.0,0.0,18.0,1.0,0.0,4.0,14.0,4.0,1773.0,1,0.0,0.0,0.0
4b7b206e-74bc-4d4b-81ec-a2bebb32aaeb,1,0.7,0.3,0.0,0.9075852870941162,8.2,0.0,4.7,1.9,1.0,4.8,14.1,13.6,1804.2,10,0.4,0.4,0.2
73793320-1d3e-42d8-afa1-e7260980cd3c,1,0.6,0.4,0.0,0.9481253623962402,5.2,0.0,4.0,1.2,0.8,6.0,14.2,18.0,1805.4,5,0.0,0.5,0.5
7699c3d2-fb67-40f4-a8c2-d04c9c59d7f1,1,0.5,0.5,0.0,0.881560613711675,7.666666666666667,0.0,5.333333333333333,0.5,0.6666666666666666,7.0,16.0,12.333333333333334,1864.8333333333333,6,0.3333333333333333,0.3333333333333333,0.3333333333333333
a42ef195-3c84-4af5-bd52-9438c0d2b186,1,0.0,1.0,0.0,0.7840752601623535,0.0,0.0,0.0,0.0,0.0,4.0,5.0,6.0,1591.0,1,0.0,0.0,0.0
a680318c-8079-4ec8-9ea6-80ae2addc343,1,0.8,0.2,0.0,0.8575915217399597,8.6,0.0,5.6,2.2,1.4,8.0,21.6,16.2,1830.6,5,0.3333333333333333,0.3333333333333333,0.3333333333333333
c09113a4-46c7-4ffc-8af8-c09e9fcb3ff8,1,0.5,0.5,0.0,0.7389336824417114,4.5,0.0,2.5,1.0,2.0,8.5,6.0,13.5,1528.5,2,0.0,0.0,0.0
c748f87a-7274-4058-bfaa-e667a5a2fe46,1,1.0,0.0,0.0,1.0,10.0,0.0,7.0,2.0,0.0,10.0,15.0,13.0,2818.0,1,0.0,0.0,0.0
c90996eb-23a6-4e52-a513-6064c2a1cc08,1,1.0,0.0,0.0,1.0,10.0,0.0,4.333333333333333,1.3333333333333333,2.0,11.0,12.333333333333334,17.333333333333332,2253.3333333333335,3,0.0,0.0,0.0
ce5962ee-255c-43eb-a572-52a202225300,1,1.0,0.0,0.0,1.0,18.0,0.0,14.0,1.0,0.0,4.0,22.0,12.0,2274.0,1,0.0,0.0,0.0
cf9eaa65-e5fe-45ce-ab87-c2a4fccfff0b,1,0.0,1.0,0.0,0.5742800831794739,8.0,0.0,4.0,0.0,0.0,0.0,10.0,9.0,2227.0,1,0.0,0.0,0.0
df68c988-120e-42a0-a498-7d7a567e9bc3,1,0.7142857142857143,0.2857142857142857,0.0,0.9807813508169991,13.571428571428571,0.0,7.857142857142857,3.857142857142857,0.8571428571428571,13.285714285714286,18.857142857142858,16.0,2107.714285714286,7,0.3333333333333333,0.3333333333333333,0.3333333333333333
e552776d-f5fc-45a8-83ac-cf12fbe2a5c1,1,0.6666666666666666,0.3333333333333333,0.0,0.9639233748118082,5.833333333333333,0.0,4.333333333333333,0.6666666666666666,1.0,6.833333333333333,19.666666666666668,16.5,1555.6666666666667,6,0.3333333333333333,0.3333333333333333,0.3333333333333333
edceed34-0e98-45b2-9ec8-e0139398b646,1,0.5714285714285714,0.42857142857142855,0.0,0.8926841531481061,9.857142857142858,0.0,7.428571428571429,0.42857142857142855,0.5714285714285714,4.428571428571429,15.714285714285714,15.285714285714286,1515.5714285714287,7,0.3333333333333333,0.3333333333333333,0.3333333333333333
f2bb6e80-5d6a-47f7-9d4f-bffa766cefd6,1,1.0,0.0,0.0,1.0,5.285714285714286,0.0,2.2857142857142856,0.2857142857142857,2.142857142857143,8.0,15.714285714285714,19.0,1278.142857142857,7,0.3333333333333333,0.3333333333333333,0.3333333333333333
f70206b2-9f39-46ed-a0a8-5ef111e5efae,1,0.3333333333333333,0.6666666666666666,0.0,0.8620144327481588,3.0,0.0,2.0,0.6666666666666666,0.6666666666666666,5.666666666666667,9.333333333333334,17.0,1632.0,3,0.0,0.0,0.0
0c490eda-0204-4232-aca2-4918ee2e8bf8,2,0.8,0.2,0.0,0.9703534007072449,6.8,0.0,5.0,0.8,1.4,9.6,21.4,14.2,1788.6,5,0.3333333333333333,0.3333333333333333,0.3333333333333333
3e9a9746-8dd9-4860-9079-dee242ceb868,2,0.5714285714285714,0.42857142857142855,0.0,0.9326969725745065,8.142857142857142,0.0,5.285714285714286,1.5714285714285714,1.5714285714285714,6.857142857142857,16.428571428571427,16.428571428571427,1561.142857142857,7,0.3333333333333333,0.3333333333333333,0.3333333333333333
4824aeeb-a1dd-479c-bf9d-8eeaa849d866,2,1.0,0.0,0.0,1.0,6.0,0.0,2.0,0.0,0.0,15.0,7.0,22.0,1812.0,1,0.0,0.0,0.0
682c494e-d831-4220-a5a4-fc4ba17165db,2,0.0,1.0,0.0,0.6096985340118408,11.0,0.0,4.0,4.0,0.0,6.0,10.0,13.0,2191.0,1,0.0,0.0,0.0
08836143-6ee3-439a-96fc-01d1ef8931b6,3,0.5,0.5,0.0,0.9178492526213328,6.666666666666667,0.0,3.1666666666666665,1.5,0.5,3.3333333333333335,18.166666666666668,10.5,1110.3333333333333,6,0.3333333333333333,0.3333333333333333,0.3333333333333333
0efc394c-f40d-4a2c-b436-95edd8772331,3,0.3333333333333333,0.6666666666666666,0.0,0.8305052750640445,8.333333333333334,0.0,5.222222222222222,2.2222222222222223,0.4444444444444444,4.111111111111111,16.77777777777778,17.444444444444443,1756.2222222222222,9,0.3333333333333333,0.3333333333333333,0.3333333333333333
10076030-cd09-4885-95f3-6ac9425016ec,3,0.8571428571428571,0.14285714285714285,0.0,0.8909159302711487,10.857142857142858,0.0,7.428571428571429,2.2857142857142856,1.2857142857142858,16.428571428571427,18.142857142857142,15.428571428571429,1863.857142857143,7,0.3333333333333333,0.3333333333333333,0.3333333333333333
105c0e47-62cc-417d-9ffc-4dd7da969125,3,0.7142857142857143,0.2857142857142857,0.0,0.9489442365510123,10.0,0.0,6.714285714285714,1.2857142857142858,1.2857142857142858,8.285714285714286,13.0,16.0,2073.1428571428573,7,0.3333333333333333,0.3333333333333333,0.3333333333333333
2831d68c-40b8-4ba0-8974-1afacaed6762,3,0.6666666666666666,0.3333333333333333,0.0,0.8723237911860148,4.833333333333333,0.0,3.5,0.8333333333333334,1.6666666666666667,6.0,13.5,17.666666666666668,2510.6666666666665,6,0.3333333333333333,0.3333333333333333,0.3333333333333333
2f12fa57-37c6-4486-be84-ac4e5dc569c2,3,0.7142857142857143,0.2857142857142857,0.0,0.9218546833310809,8.285714285714286,0.0,5.857142857142857,0.5714285714285714,0.5714285714285714,6.142857142857143,20.571428571428573,15.857142857142858,1388.142857142857,7,0.3333333333333333,0.3333333333333333,0.3333333333333333
3b52e316-5a0e-4068-9df4-576f65c6ee7b,3,1.0,0.0,0.0,1.0,12.0,0.0,9.0,1.0,5.0,12.0,12.0,11.0,2455.0,1,0.0,0.0,0.0
4013d0a0-8554-4fdb-9e59-aa8409877849,3,0.6363636363636364,0.36363636363636365,0.0,0.9197509234601801,5.0,0.0,3.6363636363636362,0.36363636363636365,0.7272727272727273,4.454545454545454,18.90909090909091,17.272727272727273,1301.0,11,0.2857142857142857,0.2857142857142857,0.42857142857142855
4324f040-147a-443b-b639-125efb4faf24,3,0.625,0.375,0.0,0.9202247187495232,13.125,0.0,9.0,1.25,1.0,7.5,19.625,18.875,1673.375,8,0.3333333333333333,0.3333333333333333,0.3333333333333333
43cb580e-dcc1-438e-b4dc-19303e208aaf,3,0.6666666666666666,0.3333333333333333,0.0,0.8869937807321548,9.166666666666666,0.0,7.333333333333333,1.5,1.5,7.5,17.333333333333332,12.833333333333334,2879.3333333333335,6,0.5,0.25,0.25
4a41095c-af10-4826-a020-f46e74ae8355,3,1.0,0.0,0.0,1.0,14.857142857142858,0.0,8.428571428571429,4.571428571428571,2.142857142857143,10.571428571428571,19.857142857142858,14.714285714285714,1733.2857142857142,7,0.3333333333333333,0.3333333333333333,0.3333333333333333
521d38d2-89b4-4fee-b5dd-d18f42a216e6,3,0.7142857142857143,0.2857142857142857,0.0,0.9084789752960205,7.285714285714286,0.0,5.571428571428571,1.1428571428571428,1.2857142857142858,6.428571428571429,22.428571428571427,16.285714285714285,1633.5714285714287,7,0.2,0.4,0.4
56f050c3-595e-40c7-a656-21076e66917f,3,1.0,0.0,0.0,1.0,14.0,1.2,7.8,4.2,2.0,15.6,16.2,18.2,2225.8,5,0.0,0.5,0.5
5dd03508-7b35-4f59-b365-2089bd8a3ae7,3,0.8571428571428571,0.14285714285714285,0.0,0.9571615627833775,9.571428571428571,0.0,4.428571428571429,2.4285714285714284,1.2857142857142858,9.857142857142858,19.428571428571427,18.0,1733.5714285714287,7,0.3333333333333333,0.3333333333333333,0.3333333333333333
6d710075-57ba-4545-bc65-e2a274f9f92b,3,0.4,0.6,0.0,0.750373224914074,7.2,0.0,6.0,0.6,0.8,3.2,17.2,15.4,1161.2,5,0.3333333333333333,0.3333333333333333,0.3333333333333333
735b485e-f9ca-4749-aa61-aa2a98a00d18,3,1.0,0.0,0.0,1.0,8.333333333333334,0.0,5.166666666666667,0.6666666666666666,2.5,8.166666666666666,18.166666666666668,19.833333333333332,1951.1666666666667,6,0.3333333333333333,0.3333333333333333,0.3333333333333333
765cec57-b27c-4efa-a54c-3b025ba97aef,3,0.8333333333333334,0.16666666666666666,0.0,0.9972986479600271,7.0,0.0,5.833333333333333,0.6666666666666666,1.1666666666666667,2.3333333333333335,18.833333333333332,12.5,1300.0,6,0.3333333333333333,0.3333333333333333,0.3333333333333333
7fc6f124-dc9e-4a87-ab19-e851f9d9de67,3,0.5,0.5,0.0,0.9424941539764404,11.0,0.0,5.166666666666667,4.0,1.0,4.333333333333333,15.666666666666666,11.833333333333334,1871.6666666666667,6,0.3333333333333333,0.3333333333333333,0.3333333333333333
85be412a-dc18-4714-a556-d199f984209c,3,0.5714285714285714,0.42857142857142855,0.0,0.854418871658189,7.142857142857143,0.0,5.0,1.4285714285714286,0.5714285714285714,7.714285714285714,17.571428571428573,17.142857142857142,1635.857142857143,7,0.4,0.4,0.2
8b1fe243-3a4d-4c3d-ac18-b251cc558b05,3,1.0,0.0,0.0,1.0,4.428571428571429,0.0,3.857142857142857,0.42857142857142855,2.4285714285714284,7.142857142857143,16.0,18.142857142857142,1718.5714285714287,7,0.3333333333333333,0.3333333333333333,0.3333333333333333
8e16acd5-31df-429f-a0b4-4e6f82157507,3,1.0,0.0,0.0,1.0,15.142857142857142,3.2857142857142856,6.142857142857143,4.428571428571429,3.5714285714285716,13.0,17.142857142857142,17.428571428571427,1707.4285714285713,7,0.3333333333333333,0.3333333333333333,0.3333333333333333
90237211-82c9-4695-9a59-8d975f6bef3a,3,1.0,0.0,0.0,1.0,16.4,0.0,8.8,6.2,1.9,14.5,20.5,18.8,2131.3,10,0.3333333333333333,0.3333333333333333,0.3333333333333333
9720c245-2bd9-44e0-825b-d54324f5b90a,3,1.0,0.0,0.0,1.0,10.0,0.0,5.333333333333333,1.0,1.5,12.5,22.5,20.5,1973.0,6,0.3333333333333333,0.3333333333333333,0.3333333333333333
9ecbe03d-97b6-48aa-b3ba-a21d09d0fd56,3,0.5555555555555556,0.4444444444444444,0.0,0.8532797363069322,10.11111111111111,0.0,6.0,1.8888888888888888,0.5555555555555556,5.333333333333333,16.555555555555557,15.88888888888889,1653.6666666666667,9,0.3333333333333333,0.3333333333333333,0.3333333333333333
9fa2d416-3c98-481e-9f25-608316e9aa27,3,1.0,0.0,0.0,1.0,9.5,0.0,6.0,2.5,2.8333333333333335,9.666666666666666,19.0,14.333333333333334,1435.8333333333333,6,0.3333333333333333,0.3333333333333333,0.3333333333333333
a107d2f0-b4b0-4782-8416-1d1219f13fc5,3,0.7142857142857143,0.2857142857142857,0.0,0.9183780380657741,6.285714285714286,0.0,3.5714285714285716,1.0,1.4285714285714286,3.4285714285714284,15.142857142857142,17.285714285714285,1542.142857142857,7,0.3333333333333333,0.3333333333333333,0.3333333333333333
a11999eb-48ab-4655-b2e7-a102e7210111,3,0.5714285714285714,0.42857142857142855,0.0,0.921690319265638,4.0,0.0,3.2857142857142856,0.2857142857142857,0.7142857142857143,5.714285714285714,14.428571428571429,19.428571428571427,1096.857142857143,7,0.3333333333333333,0.3333333333333333,0.3333333333333333
a3bbdd04-4020-4bc8-95d2-692568fe9115,3,0.7142857142857143,0.2857142857142857,0.0,0.8750197844845908,7.571428571428571,0.0,4.571428571428571,1.0,1.0,4.571428571428571,13.142857142857142,15.428571428571429,1574.857142857143,7,0.3333333333333333,0.3333333333333333,0.3333333333333333
a89045cd-3900-400f-85c2-74b49190c972,3,1.0,0.0,0.0,1.0,14.0,2.7777777777777777,7.222222222222222,2.4444444444444446,1.8888888888888888,9.444444444444445,20.555555555555557,15.88888888888889,2261.8888888888887,9,0.2,0.4,0.4
b11e2911-4d8f-48f0-bc28-8db6c9d0ffd5,3,0.631578947368421,0.3684210526315789,0.0,0.9241223303895247,12.473684210526315,0.0,7.7368421052631575,2.6842105263157894,0.9473684210526315,11.68421052631579,22.42105263157895,18.31578947368421,2806.315789473684,19,0.3333333333333333,0.3333333333333333,0.3333333333333333
b9b7c160-14ab-4076-bb32-6b5ce9bc1bb4,3,0.7142857142857143,0.2857142857142857,0.0,0.9232458642550877,4.0,0.0,2.142857142857143,0.2857142857142857,0.42857142857142855,5.285714285714286,18.428571428571427,14.571428571428571,830.8571428571429,7,0.3333333333333333,0.3333333333333333,0.3333333333333333
cf8680ff-9cc5-4a30-b2f1-0e6ceaf39e9c,3,0.6666666666666666,0.3333333333333333,0.0,0.9164054294427236,9.5,0.0,6.166666666666667,1.5,1.6666666666666667,12.333333333333334,22.666666666666668,23.666666666666668,1472.0,6,0.3333333333333333,0.3333333333333333,0.3333333333333333
cfa734c5-6381-48bc-9a44-436292751245,3,0.1111111111111111,0.8888888888888888,0.0,0.7304529613918729,8.0,0.0,4.0,2.0,0.0,6.222222222222222,13.222222222222221,16.666666666666668,1823.6666666666667,9,0.3333333333333333,0.3333333333333333,0.3333333333333333
d19a149b-1d08-4720-bc60-716abcb6be88,3,0.7142857142857143,0.2857142857142857,0.0,0.8633822585855212,8.0,0.0,6.428571428571429,0.8571428571428571,0.8571428571428571,5.857142857142857,17.857142857142858,15.0,1358.5714285714287,7,0.3333333333333333,0.3333333333333333,0.3333333333333333
daeba09e-2e25-49f2-bc1f-182fd053f3a4,3,0.5714285714285714,0.42857142857142855,0.0,0.9030395065035138,4.714285714285714,0.0,3.0,1.0,1.0,5.428571428571429,15.285714285714286,19.857142857142858,1184.5714285714287,7,0.3333333333333333,0.3333333333333333,0.3333333333333333
e2215704-e65c-4f6f-893c-abdf71a1fd5f,3,0.8333333333333334,0.16666666666666666,0.0,0.9838879803816477,4.666666666666667,0.0,3.8333333333333335,0.0,0.8333333333333334,4.666666666666667,17.0,17.833333333333332,1301.3333333333333,6,0.3333333333333333,0.3333333333333333,0.3333333333333333
e8fa1eee-54e3-49af-bd53-33de244a87be,3,0.5416666666666666,0.4583333333333333,0.0,0.8564822276433309,19.708333333333332,0.4583333333333333,11.625,6.083333333333333,1.0,10.458333333333334,21.125,16.916666666666668,2398.5,24,0.3333333333333333,0.3333333333333333,0.3333333333333333
f5316da9-ca44-46c2-937a-c669e5689fad,3,0.3333333333333333,0.6666666666666666,0.0,0.8775122265021006,11.166666666666666,0.0,4.666666666666667,2.1666666666666665,0.8333333333333334,7.333333333333333,19.333333333333332,18.333333333333332,1463.5,6,0.3333333333333333,0.3333333333333333,0.3333333333333333
fa5a99b6-80d0-49ce-b93f-b2889b2935c2,3,0.2857142857142857,0.7142857142857143,0.0,0.5510987320116588,13.142857142857142,0.0,8.857142857142858,2.857142857142857,0.14285714285714285,6.571428571428571,14.142857142857142,9.142857142857142,1792.857142857143,7,0.3333333333333333,0.3333333333333333,0.3333333333333333
fd747ef3-188e-4a86-b65d-7d3da34e1566,3,0.8571428571428571,0.14285714285714285,0.0,0.9950938480240958,6.0,0.0,3.857142857142857,1.0,1.7142857142857142,4.142857142857143,19.428571428571427,15.714285714285714,1393.7142857142858,7,0.3333333333333333,0.3333333333333333,0.3333333333333333
0cbaa3ae-5376-4d7f-8053-7daba92be456,4,0.7142857142857143,0.2857142857142857,0.0,0.9304386121886117,6.0,0.0,3.2857142857142856,1.2857142857142858,1.7142857142857142,2.5714285714285716,16.0,12.714285714285714,1152.7142857142858,7,0.3333333333333333,0.3333333333333333,0.3333333333333333
1dde97e4-3c95-4369-8793-baee2d3216f3,4,0.5,0.5,0.0,0.9111724942922592,6.75,0.0,5.5,0.25,0.25,2.75,22.75,13.0,1385.5,4,0.3333333333333333,0.3333333333333333,0.3333333333333333
2a8b8b1b-a314-4c4d-9721-8b94797932fb,4,0.7142857142857143,0.2857142857142857,0.0,0.9013033083506993,10.428571428571429,0.2857142857142857,6.142857142857143,2.4285714285714284,1.0,9.142857142857142,16.571428571428573,16.571428571428573,2166.8571428571427,7,0.3333333333333333,0.3333333333333333,0.3333333333333333
30a3a049-3bd8-4990-a9fc-8e86de0afd8e,4,1.0,0.0,0.0,1.0,5.0,0.0,2.5,0.0,2.5,2.5,10.0,12.5,1295.0,2,0.0,0.0,0.0
3a23e6d4-f5df-47bb-ab0d-fe9c07d56565,4,0.8333333333333334,0.16666666666666666,0.0,0.95874951283137,3.8333333333333335,0.0,3.1666666666666665,0.3333333333333333,1.0,4.333333333333333,17.666666666666668,20.666666666666668,1205.3333333333333,6,0.3333333333333333,0.3333333333333333,0.3333333333333333
3b6c9df2-5083-4d49-9861-cbe74afe4619,4,0.7142857142857143,0.2857142857142857,0.0,0.9103508165904454,15.0,2.2857142857142856,7.714285714285714,3.0,1.0,8.428571428571429,17.571428571428573,14.285714285714286,2114.4285714285716,7,0.3333333333333333,0.3333333333333333,0.3333333333333333
41fdb80c-6516-4d73-8b79-6f863a3287d0,4,0.3333333333333333,0.6666666666666666,0.0,0.8263870577017466,10.0,0.0,5.166666666666667,2.5,0.0,6.333333333333333,15.5,13.666666666666666,2232.1666666666665,6,0.3333333333333333,0.3333333333333333,0.3333333333333333
4b63ef53-bbd5-4746-bb02-e8a6183d5acf,4,1.0,0.0,0.0,1.0,5.666666666666667,0.0,5.0,0.0,0.6666666666666666,5.333333333333333,27.0,22.333333333333332,1240.6666666666667,3,0.3333333333333333,0.3333333333333333,0.3333333333333333
60eb6bbd-e693-4b39-a26b-deefbdb778b7,4,0.8333333333333334,0.16666666666666666,0.0,0.9587273498376211,5.333333333333333,0.0,4.166666666666667,0.16666666666666666,1.0,4.5,19.166666666666668,15.333333333333334,1528.6666666666667,6,0.3333333333333333,0.3333333333333333,0.3333333333333333
70d6994c-b6d4-4e92-9d50-e1c25931d401,4,0.7142857142857143,0.2857142857142857,0.0,0.9325573359216962,9.714285714285714,0.0,8.142857142857142,0.14285714285714285,0.8571428571428571,3.857142857142857,21.142857142857142,20.0,1762.5714285714287,7,0.3333333333333333,0.3333333333333333,0.3333333333333333
769a7824-b9fe-4936-b87b-cab185803a17,4,1.0,0.0,0.0,1.0,6.571428571428571,0.14285714285714285,4.285714285714286,0.7142857142857143,2.5714285714285716,10.285714285714286,20.0,17.857142857142858,1581.4285714285713,7,0.3333333333333333,0.3333333333333333,0.3333333333333333
8ca1d2dc-4daa-44d9-a842-659c691eac35,4,0.0,1.0,0.0,0.6739535331726074,5.8,0.0,4.0,1.2,0.0,5.8,10.4,14.2,1782.4,5,0.0,0.5,0.5
95c108b2-2aa7-4a86-84b1-5c01d2455ec0,4,1.0,0.0,0.0,1.0,7.0,0.0,5.666666666666667,0.6666666666666666,2.5,5.5,20.166666666666668,16.833333333333332,1797.5,6,0.3333333333333333,0.3333333333333333,0.3333333333333333
a26fa938-16d9-4751-9d7b-542fb44a0ee8,4,0.75,0.25,0.0,0.9338193759322166,8.75,0.0,5.125,0.75,1.25,4.75,16.875,14.125,2290.25,8,0.3333333333333333,0.3333333333333333,0.3333333333333333
ab233937-5e24-4c8a-a294-cfe793cbed00,4,1.0,0.0,0.0,1.0,10.666666666666666,2.1666666666666665,3.6666666666666665,2.8333333333333335,2.8333333333333335,7.5,17.333333333333332,19.333333333333332,1626.1666666666667,6,0.3333333333333333,0.3333333333333333,0.3333333333333333
b27967e0-d66f-4297-8e27-c280edf5cbcb,4,0.5714285714285714,0.42857142857142855,0.0,0.9379110166004726,8.142857142857142,0.0,5.714285714285714,1.7142857142857142,1.0,4.714285714285714,17.714285714285715,13.857142857142858,1044.4285714285713,7,0.3333333333333333,0.3333333333333333,0.3333333333333333
b3e007dd-ff6c-40af-9683-a347df06b134,4,0.6666666666666666,0.3333333333333333,0.0,0.8372163971265157,12.333333333333334,0.0,10.0,1.6666666666666667,1.0,6.333333333333333,16.0,21.666666666666668,2086.0,3,0.0,0.5,0.5
c3e1cda7-b7fd-46b6-925b-0cbfb85bae89,4,0.2857142857142857,0.7142857142857143,0.0,0.8318432016032082,6.0,0.0,5.0,0.14285714285714285,0.42857142857142855,2.5714285714285716,14.0,13.285714285714286,1756.5714285714287,7,0.3333333333333333,0.3333333333333333,0.3333333333333333
c4699748-0982-4c0d-97ec-287b108f8897,4,0.42857142857142855,0.5714285714285714,0.0,0.8171695385660444,12.714285714285714,0.0,9.0,2.2857142857142856,1.0,9.285714285714286,15.857142857142858,16.857142857142858,2159.1428571428573,7,0.3333333333333333,0.3333333333333333,0.3333333333333333
d2e85f74-0303-4961-aee4-8ab04b416f98,4,1.0,0.0,0.0,1.0,5.0,0.0,1.0,0.0,1.0,8.5,11.0,14.0,1829.5,2,0.0,0.0,0.0
e357e3de-be46-4360-b98a-d4c599431be7,4,0.9166666666666666,0.08333333333333333,0.0,0.969920481244723,7.666666666666667,0.0,4.583333333333333,1.8333333333333333,1.5,8.0,16.916666666666668,16.333333333333332,2157.1666666666665,12,0.3333333333333333,0.3333333333333333,0.3333333333333333
f51c61ef-825a-45c2-ac37-22a2c895cd41,4,0.5,0.5,0.0,0.83432961627841,7.625,0.0,7.0,0.5,0.5,4.625,19.375,15.5,1859.5,8,0.25,0.5,0.25
fdb9bf30-0d9b-4985-bdff-661806be4fe5,4,0.8571428571428571,0.14285714285714285,0.0,0.9677302667072841,6.571428571428571,0.0,4.571428571428571,1.5714285714285714,1.4285714285714286,4.285714285714286,17.285714285714285,18.0,1137.2857142857142,7,0.3333333333333333,0.3333333333333333,0.3333333333333333
fe64a281-9563-4165-bf98-fbd8841472ba,4,0.5714285714285714,0.42857142857142855,0.0,0.8749827912875584,5.571428571428571,0.0,4.714285714285714,0.2857142857142857,0.14285714285714285,3.5714285714285716,17.857142857142858,14.571428571428571,1292.2857142857142,7,0.3333333333333333,0.3333333333333333,0.3333333333333333
15441163-83ea-493e-adda-61d2b8d8d5b0,5,0.0,1.0,0.0,0.35589176416397095,4.0,0.0,2.0,2.0,0.0,7.0,8.0,9.0,1707.0,1,0.0,0.0,0.0
43591ce5-db23-4aab-8911-f4a445815c83,5,0.5,0.5,0.0,0.9627290368080139,3.0,0.0,2.5,0.0,1.0,3.5,12.0,14.5,775.5,2,0.0,0.0,0.0
56b8e4ac-4757-4679-ac36-030931987b90,5,0.42857142857142855,0.5714285714285714,0.0,0.9019900900976998,2.2857142857142856,0.0,1.5714285714285714,0.14285714285714285,0.8571428571428571,4.571428571428571,14.857142857142858,15.428571428571429,899.8571428571429,7,0.3333333333333333,0.3333333333333333,0.3333333333333333
68c3063b-b165-4829-a70d-ab66e67253c5,5,1.0,0.0,0.0,1.0,9.0,0.0,1.0,0.0,3.0,18.0,16.0,24.0,2378.0,1,0.0,0.0,0.0
76027eb9-e5df-464c-84e0-88c816678977,5,1.0,0.0,0.0,1.0,5.714285714285714,0.0,2.857142857142857,0.0,1.5714285714285714,6.285714285714286,17.714285714285715,16.857142857142858,1297.4285714285713,7,0.3333333333333333,0.3333333333333333,0.3333333333333333
8ad0e653-d918-447f-b8c2-53fcdffd6c1e,5,0.0,1.0,0.0,0.7194506525993347,4.0,0.0,1.0,1.0,0.0,8.0,4.0,12.0,2145.0,1,0.0,0.0,0.0
a8a21297-e295-439a-b37c-a57c1a348578,5,1.0,0.0,0.0,1.0,17.0,0.0,3.0,13.0,2.0,1.0,11.0,10.0,1184.0,1,0.0,0.0,0.0
b0e1b70f-4fab-4540-bb3c-3bdbdfaf3cfe,5,0.5714285714285714,0.42857142857142855,0.0,0.8598157039710453,5.0,0.0,3.142857142857143,0.5714285714285714,1.1428571428571428,5.571428571428571,14.714285714285714,12.571428571428571,1265.857142857143,7,0.3333333333333333,0.3333333333333333,0.3333333333333333
c25c6ad3-626d-4563-9a22-81b0f8b9e8d5,5,0.8571428571428571,0.14285714285714285,0.0,0.986842657838549,6.714285714285714,0.0,5.142857142857143,0.7142857142857143,2.0,10.571428571428571,15.857142857142858,18.0,1314.857142857143,7,0.3333333333333333,0.3333333333333333,0.3333333333333333
cb577ff9-dd86-4191-9dff-51b04f83410a,5,1.0,0.0,0.0,1.0,11.0,0.0,4.857142857142857,4.571428571428571,3.0,5.857142857142857,20.857142857142858,12.285714285714286,1050.5714285714287,7,0.3333333333333333,0.3333333333333333,0.3333333333333333
f1db3f62-7202-4d4f-ab26-8f7b7cb62c2a,5,0.5,0.5,0.0,0.9572971165180206,13.0,0.0,7.0,0.5,1.5,9.5,16.5,12.5,2435.5,2,0.0,0.0,0.0
f46dc364-473c-4af6-8661-01e445e6f3db,5,0.0,1.0,0.0,0.3779504135251045,11.4,0.0,6.4,3.6,0.0,3.6,9.4,4.2,1550.6,5,0.5,0.0,0.5
